OBS,Bolivia,Brazil,Chile,Mexico,Nigeria,Peru,South Africa,Uruguay,empA,empB,empC,empA1,empB1,empC1,empA2,empB2,empC2,empA3,empB3,empC3,empA4,empB4,empC4,empA5,empB5,empC5,empA6,empB6,empC6,empA7,empB7,empC7
1,1.693493877,3.206465058,-1.154944702,-0.764811675,-0.448324183,0.310465506,1.201932153,0.703052821,0.84211024,1.594045583,1.72,5.651221026,3.388995344,9.79,-7.020425867,5.235560641,0.57,3.132985014,40.33509834,4.19,-0.136955055,8.732631902,-0.21,1.342302033,44.53485926,4.42,1.941808586,-0.278298822,0.93,5.18077418,-1.926842969,-4.81
2,1.226204397,-5.24364224,1.374468298,-11.2680984,0.135158659,-1.719462765,1.095337793,-0.355317422,1.042762316,7.526496221,1.51,3.243527575,38.43782132,-8.1,1.28332036,-21.10846306,0.24,0.80841184,64.53675792,-26.15,0,1.236659684,0.22,-0.445435035,12.90018887,-3.02,0.274348595,-1.994271678,0.95,5.851471406,15.20706978,-19.48
3,0.465726155,-4.561868146,0.86113722,4.490090008,0.343606232,-0.541553201,-0.426460034,0.779008315,1.23712918,19.76532503,1.83,2.10534092,10.02649311,-13.92,5.698022015,31.28900636,0.88,16.71779467,36.57361394,11.86,0,-8.977584654,0.08,2.643325707,50.79651495,0.92,0,18.63658672,0.89,6.107631341,25.16295548,9.08
4,0.91041102,-3.030548223,1.062522323,-2.4789332,-0.003209352,-0.651367781,1.774427092,0.549107949,2.028467117,5.51697591,-1.15,2.06192872,11.13581406,-8.17,0.256207058,-15.88814081,0.36,2.555619919,11.38028082,-8.21,0,9.207254904,0.36,2.57524961,24.47859679,-2.42,3.234783387,-14.50676096,0.31,5.8923073,12.87469392,-2.04
5,-2.357460096,-2.424069313,-0.85288854,-2.700083307,0.067607084,-0.400047248,4.035097143,0.321526937,1.395835225,26.45441602,-2.32,2.020270732,13.01266853,-5.44,-0.532669979,21.25158996,0.12,-0.666224983,-1.107799721,-9.44,0,0.870344192,0.12,2.096512847,43.78843664,1.23,13.38629027,-9.476574928,1.47,5.693132175,11.51085627,-6.88
6,-0.663885846,-0.139513348,-0.98057219,-1.30651721,-0.225416416,-4.200679037,0.758032683,-0.14347516,0.985229644,10.9270944,-1.15,0.995033085,-1.374249264,-1.36,0.74445968,20.22590533,-0.32,1.063839821,12.89148266,-2.52,0,5.446553054,-0.07,2.459140314,125.8021278,-0.9,3.645050451,-2.405544212,0.06,5.873017954,13.21486297,-16.27
7,-1.218151967,-0.617097716,-0.75263161,-1.377696167,-0.476735822,0.978183445,1.607065135,0.778678513,1.363214879,10.83454827,-2.82,1.960847139,4.628113784,-1.63,1.952984834,18.55711981,-0.42,3.509131981,34.81566854,0.43,-0.045693398,15.91838564,0.03,4.357124829,42.66568371,2.25,3.732595761,1.432133047,1.2,3.576066388,6.330698034,7.23
8,0.984987478,-0.342453452,-2.040506688,-2.821006268,-0.788481811,0.931947397,-1.760469219,-0.045247948,0.770716724,-12.09219131,-1.64,1.923136193,0.093091254,-2.04,-0.315284375,42.02029532,-0.27,0.382409644,17.90422012,-6.28,0.045693398,25.34720271,0,2.298951822,0.740410418,-0.14,-2.841721272,14.29933427,-0.37,4.241323368,0.385787564,-15.8
9,-1.732072121,-0.033282216,-1.660029119,-2.190479155,-0.082124719,-1.728046289,-3.867937094,-0.011594512,0.191754613,23.11196271,0.4,1.88684843,-0.604777742,-1.15,-0.043070445,34.06696105,-0.27,0.760459939,28.48841128,-1.86,0,-3.440386383,-0.24,0.754720564,26.50607492,-3.01,-0.890874489,38.48500971,-1.12,4.284015868,16.55381796,-5.94
10,-2.436034871,-0.633510519,1.150126675,-2.289459304,-0.349353564,0.421761601,-0.097762842,-2.441662935,0.763362486,13.02673687,-3.52,1.851904777,8.854944205,-0.34,-0.571238112,18.36519511,1.99,-1.270665127,22.99847306,-1.94,0,10.93191019,-0.01,-0.37664828,-12.54499987,0.27,3.732595761,7.242941914,-0.15,3.797924807,31.59501209,-46.41
11,1.462707916,5.456037461,0.685448853,-0.808694003,-0.282568116,-0.714295753,-0.425248489,0.286647307,1.13422766,-5.471190378,-0.37,1.818231908,-11.34706887,14.9,2.481882685,-3.154969925,0.02,3.270731798,24.79921707,0.34,0,9.552433365,0.02,1.869213301,42.42404584,0.43,3.598271788,6.944814011,-0.49,2.454110892,10.15131673,3.12
12,2.5918678,-2.667961197,3.729894922,-0.617400791,-0.275152491,1.150254539,-1.319248842,-0.357543698,1.492565022,-12.23328257,-0.14,1.78576174,25.03106137,-2.5,5.834997812,0.908983059,2.47,4.002960145,22.15678118,-0.14,0,8.556307865,-0.01,3.278982282,18.89825552,1.37,2.869049246,12.8933595,-0.88,2.493894835,17.95621233,-6.01
13,3.929384416,-3.068254168,-0.809413091,-0.235811267,0.145763838,4.450369126,2.338498403,-1.031091882,1.652930195,-14.74215759,1.51,1.754430965,4.089278599,-10.33,0.655682148,-42.38218044,-2.63,2.813784696,12.96428576,0.01,0,-4.160931388,0.02,2.4780029,29.18447817,13.46,4.348511194,-10.93878282,0.98,1.951281422,12.91406083,-21.08
14,-0.091916079,2.912947082,-0.582233572,3.862304342,-0.102185799,4.65607708,7.980267135,0.237559375,0.906624524,3.078798605,-1.29,1.724180643,-25.44310434,1.66,3.10883417,2.489717298,-1.14,8.951306212,9.392279059,9.23,0,2.512845264,-0.03,4.110167569,8.308725968,9.48,18.32882074,3.190140896,5.71,2.951189903,-3.147796155,-7.33
15,0.361786441,4.102785097,-2.039357719,0.627772882,0.846831497,-3.054056002,-2.074921091,-0.405766907,1.255621878,17.17864548,1.19,2.531780798,-0.239572242,13.23,-0.50897225,22.40642422,-1.01,5.751071259,40.08034164,7.14,0,-10.16744192,0.67,3.947881097,-56.20213179,-20.88,-7.175721326,-1.54328322,-1.17,0.747667034,42.41905368,13.27
16,2.719042215,4.925878374,1.144611401,-0.894654784,9.502872846,4.350599001,-1.987444977,0.360504772,1.24005132,-10.21022656,0.87,38.86579898,2.798637714,0.75,4.358820063,-15.23287401,-0.41,-0.600602406,-8.034402568,-4.61,136.75031,147.5171666,5.63,7.45686955,28.69327407,6.6,5.224439904,3.224646657,-2.62,2.301067933,-6.020557937,-4.1
17,1.204065681,-3.768898593,-0.358611275,-2.830267666,1.649691259,0.413993243,-2.875098531,-0.142281837,1.398624197,7.831251267,0.88,-3.448617607,7.507242211,-9.41,0.542450539,11.27681381,-0.02,-5.256233009,-11.23977966,-8.76,7.895894916,-10.16848101,0.98,0,-7.155219211,0.39,0.654666823,8.62422293,-2.46,1.803475391,7.535317643,-5.05
18,0.621999777,-2.038792842,0.631097631,-0.689536661,-0.6914591,0.609634225,-3.120174176,0.005094355,1.721212888,4.621982012,-1.25,8.408311721,6.769744202,-8.87,5.608835314,15.19712804,0.03,-0.850164526,4.454780868,-0.8,1.515503925,16.96744599,-0.34,0.894193738,-8.381772009,-0.34,-0.490597877,10.30378241,-2.42,3.512213503,7.777050883,-7.9
19,0.105029661,0.561076162,-0.153285626,-0.478154223,-2.078353671,-1.504960938,-2.49137013,0.316236307,1.524161597,10.07168852,-0.91,2.652675433,-6.293602777,-1.15,4.128896775,23.66236698,-0.09,0.955928681,-3.23772879,-3.19,1.690950336,14.22107149,-2.22,3.211954942,5.597954808,-8.02,0.490597877,15.17157094,-1.57,0,4.64120951,9.29
20,-1.601901062,-1.107159222,-0.779839399,-2.332771034,-1.742329635,-0.976222041,-1.019949279,-0.7643045,1.501279239,-7.507848412,-6.75,-7.612369547,0.161131829,-0.43,-5.129816815,-30.00453686,-0.87,-0.529942947,24.3762283,-2.34,3.640483811,54.66054154,-0.37,-0.287769983,18.34602489,-0.37,2.735488345,2.95393713,-1.26,1.200700531,13.9716914,-12.22
21,2.446505825,1.34155754,-1.252574128,0.843774621,-1.856897386,0.175670999,-0.286255,-0.409907846,1.642073021,0.361501096,1.4,1.680711832,-16.45762793,-1.09,1.332346051,23.33765138,-0.59,1.581477347,-16.78676534,-2.05,0.869875005,21.20632512,-1.59,0.574714226,-3.075445763,-0.59,8.515780834,11.59325565,-0.76,1.941808586,30.10479609,1.85
22,1.485347124,-0.926876141,-0.556759628,-0.851534245,-1.865146699,0.010473675,0.391610469,-0.58230743,1.455159064,-6.518208219,-1.08,0.554018038,4.916964548,-2,6.223584122,17.04724814,-1.2,-2.114243657,5.801669501,-0.11,2.53601167,33.83848332,-1.25,-0.286944243,-5.566780434,-0.25,2.020270732,-4.884305378,-0.25,2.721817506,34.69145932,-1.89
23,0.266033872,0.241261674,-1.435043339,0.204988191,-3.063733654,0.370610549,0.67476769,0.339837881,1.592390336,13.97566388,-0.11,6.419315764,6.093685761,-0.16,3.403048777,41.20390545,-0.5,1.379332213,10.09879565,2.02,0.686756097,50.32530152,-1.95,1.142869582,-28.51639046,-3.75,8.223809824,8.38346199,0.05,0.971667564,-2.933082144,1.97
24,3.075222277,0.113175696,4.248784885,-1.229246839,1.83650316,-0.14132272,0.944723044,-0.701821273,1.567430209,-17.93334656,-0.36,4.061471915,4.018641484,-0.19,0.287865373,-6.312963667,3.88,2.188727289,29.55067095,0.75,5.968291135,40.18642261,3.38,0,-10.17312896,-1.62,2.981426271,4.95672425,0.88,1.915461596,34.4745256,-1.65
25,1.80231129,1.539733932,1.806833006,-1.343146744,1.146430355,-0.248500002,1.394912737,-0.282806566,1.543240504,15.02502847,2.85,13.04170955,9.487013542,2.48,5.487652566,16.29183128,1.26,-5.292240145,-8.314655843,-2.72,2.360229811,0.501569865,1.26,1.129955525,21.01310716,0.26,2.646657319,1.220983887,1.13,3.57180826,29.01668643,-1.91
26,2.710571085,1.488827438,-0.980997884,-1.389247596,3.850863483,-1.461411388,0.296625824,1.213705223,2.121291664,-3.546818465,0.36,10.75415416,8.843557159,3.13,10.04556156,55.04133565,-0.92,0.217155351,10.39590768,-2.75,-1.663425942,-4.899354411,4.83,-1.985880865,4.998028389,-1.17,4.022480131,2.842983149,-0.1,3.153414441,10.26264912,20.1
27,1.664857836,0.883064738,0.878592027,-0.565468316,1.121850778,-0.937985272,2.117251833,-1.254347121,1.783108164,7.971253703,1.02,0,-5.102780609,1.54,2.70881314,8.321740233,0.62,0.324851396,9.769616118,-0.02,0.252184228,-0.69865949,1.37,-1.152750517,-7.14214932,-2.13,19.87137477,25.50788602,1,3.414788743,70.50629408,2.2
28,3.316081568,-0.621631288,-0.116472375,-0.592720422,0.95989906,-0.366790265,2.006106014,5.900558758,2.040887163,-12.68937405,0.07,-6.899287149,-2.112798898,0.26,-2.810285997,-27.21723142,-0.6,-1.415374744,3.775549207,-0.18,2.907748515,-14.03747569,0.4,0.289435803,-1.095943033,-1.6,12.15847021,15.36003893,1.33,5.150755715,-122.8471483,34.46
29,3.867853271,-0.368662084,-1.576130926,0.269249057,0.732742868,-0.743336448,0.766762546,6.803356713,2.14140945,-7.372979005,1.73,4.919024419,9.293258147,-0.65,-1.548225826,30.19163532,-0.02,3.554493742,3.914858471,-0.83,1.835390453,-19.81285251,-0.02,0,18.61918288,-0.02,-9.835035587,-13.51996827,1.32,14.73433016,-84.23196642,41.52
30,3.293710434,2.130994384,0.488358891,0.265868742,-0.66900619,-0.536595856,0.856359637,13.48933325,2.372756116,3.275003999,2.05,22.47422727,7.447627058,-0.3,7.172454268,20.34004146,-0.24,4.550940413,12.7879171,0.45,7.014173518,-13.04057704,-1.99,3.129700672,54.70526416,0.76,-0.095739596,-0.016748625,0.9,42.36439108,-55.25240658,99.92
31,2.395303038,2.205007963,-0.620924185,-0.723017468,-1.496535747,0.936695983,0.840235625,3.518900795,2.317758831,-10.08661768,-1.62,15.91586575,9.775764278,3.62,1.315162739,29.92720622,0.3,2.791806443,23.0614056,0.61,0.970958683,7.115832865,-1.7,0,-14.76734763,1.05,-6.837729744,-9.060127231,1.26,3.871936392,16.08321167,69.14
32,1.227827775,0.236458411,-1.650352431,-0.119631205,-0.200133954,-2.220939609,-1.231541105,-3.657548135,1.736850608,-11.70349648,-2.89,-5.028992585,4.849545669,4.58,2.621618135,59.6368348,0.19,6.102942159,28.17109585,1.44,1.345258851,14.25601178,0.19,-2.266385958,30.5047428,-0.06,-15.62040686,-11.96169881,0.24,4.364985077,6.583422075,-88.27
33,-1.875933789,-1.599680611,1.108123885,-1.327371091,0.316923967,0.926557899,-1.142628898,-7.244792841,0.791560861,18.98409777,-1.61,-15.46283488,-2.444376799,0.56,-3.683059492,-59.68144028,-0.5,-3.291317301,-2.800179675,-2.91,-0.619245561,-11.54749336,0,-0.286944243,-26.60091953,0,-7.079305199,-1.552590044,-0.22,-0.45993359,94.14137171,-95.79
34,0.696215539,-1.671355712,-0.294465054,-0.093027723,-0.656642564,0.475567096,-2.018561544,-6.305208315,1.175715699,2.163221881,-0.54,-2.027096437,7.330288694,-2.72,-2.406458955,-12.37888374,-0.27,2.268528283,2.759598998,-1.42,0.40803572,-10.17266142,-1.27,0,-16.43268811,-0.52,-4.60911072,-2.928518359,-1.6,-2.404565879,110.9469598,-59.54
35,1.033137504,-0.894065408,-0.3701975,-0.678724007,-0.057161684,-0.967883566,-3.405318878,-3.101311175,0.904983552,6.495877968,1.25,-1.029168604,-7.599506484,-5.02,-10.42315356,-46.1972707,0.02,4.388272626,27.97131287,0.69,4.845449983,13.29788656,0.02,0,22.51313511,-0.23,-9.760391352,-7.766396978,-2.6,4.44043823,95.51854907,-25.7
36,2.01633444,-0.953064991,-0.243226033,-0.758505617,-1.385480627,-0.419350772,-1.987670583,-0.740350169,1.151644206,-9.322775014,-0.06,0,4.472667387,-1.98,-6.192886821,-20.90401652,0.25,-1.805103165,6.282266365,0.1,0.297973999,45.03130395,0,-0.287769983,7.409667428,0,0.887579791,21.03170367,-0.69,2.57259943,46.79414181,2.3
37,2.462806194,0.372672721,0.607330368,0.732299034,-1.18342607,-0.855367753,-1.386409523,0.150891317,0.634117534,-6.070264732,2.19,4.714677843,1.187122296,-0.44,6.885096673,27.88787336,0.24,3.578199262,3.941589861,0.82,-1.513931336,34.21034685,-0.01,0.287769983,24.72579443,-0.01,-2.686728771,13.96642001,-0.03,0.641352409,3.008208414,2.61
38,-2.443295854,-0.132993905,0.093959341,-0.320294941,-1.418854787,-1.172222184,-1.474380868,-2.760184062,0.630121808,15.84937996,-2.83,-1.99342149,-2.527824156,-0.35,-0.136785872,-1.052209427,0.08,0.61323013,8.423750367,0.33,-0.075545822,34.63285464,-0.42,-2.325686216,2.406249364,-0.17,-3.541555651,5.588339557,-0.59,-3.248704229,8.004826026,-41.61
39,-2.13990307,-0.717324864,-0.445825379,-0.364175597,-2.916499652,-3.217421163,-2.677133816,-1.171248989,0.750942202,15.02314955,-2.65,-6.947237281,-0.208154291,0.53,-5.714998764,-20.09858941,-0.02,-1.053565496,4.57510437,0.55,0.037780045,80.30841551,-0.52,-2.985296315,45.94109406,-0.27,-5.310982531,17.30148257,-0.73,-7.093129005,-2.118462203,-0.52
40,1.559239641,-1.266435009,0.724768366,0.041994917,-4.865602868,-1.895654079,-1.213352206,1.741060599,0.62150604,-7.869982554,0.33,-4.412480491,11.24850798,0.98,-2.617418616,-26.19066203,0.23,-1.332760731,-3.478102609,0.36,0.015108022,92.07852286,-2.52,-1.219527309,29.98445332,-0.52,-1.331134464,7.338912183,-0.53,-5.64124235,-99.02878742,-0.52
41,-0.052003351,0.164459736,-1.25967358,-0.418542534,-1.771485259,-0.530340134,-2.041083252,-1.935818199,0.247524879,9.926239932,1.09,-7.006756262,-10.06935265,0.63,0.577851833,35.00983399,0.03,-1.805103165,1.302234392,0.17,-0.030218328,44.76061153,-0.47,0,9.417272743,-0.47,7.26711903,33.5322665,-0.82,-2.721256352,52.75687401,-0.47
42,-2.601759075,-0.036386856,0.138589204,-1.309250711,-3.379058598,0.129592656,-0.867977765,-0.17879286,-0.371517455,18.19209645,-0.92,-5.810763081,-9.341089209,-0.39,-5.004393824,-37.01359763,-0.27,-2.489755162,9.16796103,-0.69,-0.98709989,92.7989661,-0.52,0.306278953,-4.292503665,-0.52,1.23840592,7.929918543,-0.52,-1.224505096,-1.963865537,-0.52
43,-2.973714419,-0.246972053,-1.86640592,-1.30086213,0.540434621,0.392941073,-1.060821497,-1.992228304,-0.248447333,23.6531922,-0.9,-3.922071315,-7.521892195,-1.42,-4.90279734,13.12956972,-0.27,0,14.28356795,-1.37,-1.336630746,-33.47726641,-0.52,3.603993648,27.72831381,-0.27,0.613498857,9.257656914,-0.53,-3.170895611,51.94456281,-0.52
44,-1.12813313,-1.405402648,0.479829343,-0.897124417,-4.718462663,-0.669908385,-1.733988943,0.079499786,-0.124455523,12.98106283,0.37,-2.247285585,6.142836369,-2.05,-0.047488343,-17.88906357,-0.23,-1.126772485,3.783034046,-1.49,0.169989223,139.3103084,-0.48,-1.48591144,2.751990536,0.27,-6.311242331,6.688531499,-0.36,2.676864141,12.80375421,-0.48
45,-4.090518584,-0.927346936,-1.641776002,-1.736529316,0.249437831,-0.325368383,-0.63805905,-1.139746256,-0.249376688,31.89228596,-1.51,-0.913248356,2.843976166,-1.98,0.102546582,29.8842121,-0.45,5.242579734,39.55602854,-1.08,-0.829494271,4.047133912,0.55,-1.508324221,-8.071836646,0.05,5.080457564,15.27538451,-0.34,-1.037138523,34.24927792,-0.45
46,-2.202102146,-1.55659421,-0.381293607,0.060614212,-2.145839169,-1.416473657,0.11975177,0.686452901,0,24.27380678,0.11,-0.459770925,12.50347816,-1.43,2.328151453,7.120674428,-0.59,-1.808367543,-8.70953272,-0.42,-0.101250057,59.87286995,-0.34,-1.531423497,15.94228215,-0.34,10.28806632,24.4486225,0.31,-0.125182574,-26.318975,-0.34
47,-1.308616542,-1.569927899,-1.481081692,1.225603598,-4.035084541,-2.407345867,0.270450065,0.370222625,-0.12492194,14.78841664,0.35,-0.925932541,13.3745335,-1,-1.987087002,25.98983039,0,-0.640734458,-21.11078953,0.01,-0.0311745,27.95452496,-4,-0.619197025,53.98508188,0,2.2100347,10.71068909,0.71,0.748755578,-8.836118393,0
48,-2.389597755,-2.556042396,3.641069556,0.210862451,-0.401543062,-1.307366679,-0.002859347,-0.884653583,-0.501254182,16.6274351,-0.57,-1.877989465,24.31971365,-0.68,2.200111192,-59.7336311,0.74,1.186686678,1.103237152,0.11,-0.046779979,12.49696386,-0.01,-0.936044276,22.58436366,-0.01,-1.23712918,3.99274089,0.47,0.866520792,37.49364655,-0.01
49,-1.34374536,-3.615293299,-1.59901233,-0.383529773,-1.222588199,-3.133623729,-0.77156406,-0.667405741,-0.377596421,16.35335285,1,-6.359110278,30.2637239,-0.57,-2.512709133,32.60709633,0.26,-1.186686678,2.879107462,0.19,-0.531708188,-12.3885139,-1.99,-0.628932891,72.31970185,0.01,-1.955369563,8.848686289,0.13,-1.406725721,15.59484991,0.01
50,-4.314253916,-1.504228203,1.179140129,-0.586658735,-2.146367761,-2.48365544,-0.191954536,0.226023095,-1.396848109,32.11213962,0.2,-3.077165867,10.42312172,-0.71,-1.362150798,-25.69106211,0.43,0.640734458,12.35050459,0.26,-0.763392524,71.54276028,0.18,-0.632913505,61.53147812,0.68,0.281690327,14.99660784,0.83,-1.80791134,-19.0667657,0.18
51,-2.640240801,-1.215704775,0.348238986,-0.682411477,0.903207569,-3.339062539,0.291849063,-1.788057369,-1.54642257,16.18588647,0.8,-7.571182174,3.807611982,0.29,-3.392277696,0.025311417,1.07,-1.008720153,10.44754467,0.73,-4.615893148,12.9913715,2.07,-4.879016417,35.15047857,0.57,-5.195973893,4.052390462,1.38,-6.984176797,22.87126158,0.57
52,-3.505104741,-0.585537767,1.325694239,-0.246973725,-1.44307354,-4.369030684,1.348954695,-2.032424762,-1.96727656,24.67413175,1.43,-2.272825108,7.681908799,1.32,-8.045901326,-5.230406808,2.82,-0.369344834,8.641904097,1.39,-2.36920378,74.22433281,1.32,-3.735578654,82.34444921,1.57,11.20050584,29.42723113,1.8,-4.942730978,45.66233741,1.32
53,-3.578940608,0.082450768,0.110956835,-0.378402457,1.653798883,-1.333356164,1.358566354,-2.305659705,-3.23042895,21.22315915,3.01,-4.706751086,-2.580897877,1.61,1.362284653,31.87547148,1.09,-3.48270492,-0.726681861,1.12,-0.169577792,-6.797099672,1.84,-2.807201878,16.07451728,1.59,3.000877493,9.917768442,1.66,-5.654000201,50.80446289,1.09
54,-3.801341182,0.046268753,-7.11571361,-0.593889119,-0.950238867,1.563382997,0.721828143,-0.396919211,-3.196936606,13.54409487,1.3,0.600602406,4.708152252,1.34,9.398449076,79.76510437,-5.85,-1.350068722,7.775751499,0.69,-0.076403926,21.398148,-0.35,3.152625365,3.067324874,0.9,0,-1.782802729,0.62,-0.659733426,10.61686549,0.15
55,2.148165107,1.202249847,2.147989319,2.568937821,3.48540296,4.111269119,1.174789148,1.681325,-0.851068967,-2.853139107,4.84,31.13518165,38.84068138,2.19,21.4238281,59.91700137,-0.07,23.04951031,43.04762306,1.65,2.433005917,-69.91837719,1.43,6.346035392,-21.43729526,1.43,24.50106825,55.0144099,1.43,17.81547069,68.72967061,11.43
56,-1.930625745,0.017381376,-0.375847833,2.171871222,0.585349833,0.939710887,-0.698100629,-0.964942513,0,0.014333542,-3.39,1.739174271,-0.13163233,-0.76,-4.383948533,-12.19031793,0.08,10.25037018,-1.72011074,-0.39,19.67221348,34.11042753,0.33,3.184982589,10.11154727,-0.17,1.893429759,3.220001602,-0.78,0.170285269,36.70434768,0.33
57,-2.324174469,-1.005761862,-0.685313576,-0.401318992,-0.258929373,-2.207809879,-2.683415108,-0.715704208,0,4.415508704,-3.36,-10.9199292,-11.88503089,-2.29,-7.628121348,-23.92512627,0,-7.362631524,-27.03388499,-2.09,0.597340902,-34.61681318,-1.75,-5.476408541,-29.93204015,-2.95,-17.89708096,-31.72601134,-2.33,0.847103753,31.24911201,0
58,-1.976879584,-1.191331005,-1.069222075,-0.677626158,-1.690046233,-1.344188313,-1.488876439,-0.597728317,0,5.634025707,-2.55,-10.64294628,-6.719000766,-1.48,-3.931166965,5.884629046,0.02,-0.751883241,3.813577915,-0.98,2.116055921,8.820520486,-1.98,-2.006756305,-2.947808555,-1.73,-8.240677497,-13.41692934,-1.25,-4.221126221,-4.297751233,0.02
59,-0.548399404,-0.975391123,0.37725544,-1.915261897,0.269431355,-1.243282293,-0.261779855,-0.635709307,0,0.875984647,-0.82,-7.205331764,0.385516776,-0.08,-5.097878559,-23.11660204,0.54,-1.29132064,25.73231175,0.05,-0.6314621,-9.043008376,0.04,-2.739897419,1.392533737,0.04,-4.055493617,-7.19700162,-0.17,-11.15880102,-45.71740835,0.04
60,0.063713072,-0.448233404,1.358726433,-0.460722805,0.483753502,-1.431981503,-1.032312121,-0.280386357,0,-2.756867844,-0.34,3.390155168,10.05390851,-0.01,0.084848724,4.18873292,1.49,-2.242073044,-0.259174744,-0.01,-0.020006002,-15.78588974,-0.01,-1.047129987,24.50276135,-0.01,0.266666825,14.96615615,-0.04,-3.402028932,-10.82923896,-0.01
61,0.416368363,-0.271821961,1.167883142,-0.713507337,0.759437494,0.057148386,-0.427825687,0.74815704,0,-0.558819681,0.64,-0.557104505,4.382235989,0.64,2.169853283,0.031654919,0.69,-1.894295001,4.683350053,-0.04,0.126637135,-25.54487636,-0.06,-0.351494211,-1.607642352,0.44,0.531209748,-0.230104714,-0.54,0.203355434,-26.04730286,-0.06
62,-0.901905496,-0.591718243,-0.179657685,-0.928562166,1.018669732,-3.012931832,-0.693737367,-0.00814223,0,8.32492233,-0.22,-2.259983192,7.380947228,1.2,-3.553736788,4.198417843,0.75,2.050545033,21.04586261,-0.03,0.226214335,-25.77912145,0.25,-1.061956883,74.98990874,1.25,-3.093723529,1.944664826,-0.11,5.676332423,35.3432872,0
63,-0.523733352,-0.510221026,-0.013288698,-1.120309791,0.710746604,-0.742971557,-0.444972005,-0.020710485,-0.142551699,4.901086286,0.14,-2.898753687,1.967211264,0.11,-6.308288459,-2.146343017,1.25,-3.333642027,6.313533986,-0.03,0.119553681,-22.48460906,0,-0.356506616,14.82767353,0,-5.764069019,-14.18850542,-0.6,-3.814643435,-22.7997751,0
64,-1.783022466,-0.718179236,-1.412309183,-0.553109423,0.778774713,-0.626052346,-2.134662053,-0.271945761,-0.572247627,12.33481481,-0.08,-1.780462463,7.512261675,0.58,0.251567229,37.03715188,0.03,-2.533850313,0.259997187,0,0.892125527,9.456806962,1.28,-0.716848948,14.4959629,0.78,1.436806327,30.4863221,-0.25,-2.31982163,-4.384751584,0.03
65,0.542496912,-0.456732404,-1.392627286,-0.740020105,0.786889694,-0.134632949,-0.094508903,-2.55415313,-0.431345025,2.133309932,2.08,-4.281999718,1.514198507,0.78,-2.544613049,22.56846514,0.07,-2.940152984,2.131162336,0.07,1.579564203,-7.203894347,0.57,0,8.239332955,0.57,-3.041508886,-4.108897681,0.07,-4.220475281,66.91738157,0.07
66,-0.915828268,-0.208584894,-1.1943989,-0.498829043,1.028198081,-0.673625095,0.289889483,-0.369814487,-0.288600489,2.313886372,-0.71,1.857638557,6.013999727,0.28,0.35082906,25.41117948,-0.24,4.419226784,22.11652474,-0.04,-0.740984866,-2.729107437,1.26,-1.44930073,1.045746725,0.01,5.018974452,6.596085455,0.01,0.74231518,18.04494481,0.01
67,-1.621294426,0.039759052,-0.578956387,-0.507118396,1.961553854,-0.578372061,0.253381818,0.314893103,-0.144613185,10.11552493,-0.93,9.363560503,10.45731317,-0.85,8.404785551,59.61278989,0.01,10.51973702,42.5304618,0.01,1.598584345,10.617132,2.76,-1.100928551,2.499900061,0.01,12.35163744,23.11486562,0.04,5.1478169,20.35376283,0.01
68,-1.074809721,-0.724141137,0.318014667,-0.863917384,-0.446893609,-2.307004693,-0.54026344,-1.065041989,0,7.799196519,-0.61,-1.123607327,2.845167276,-1.17,-4.600256129,-33.27102166,-0.03,-4.505266394,-1.611739736,-0.05,1.402636958,16.72214884,-0.03,-1.113184037,45.71828384,-0.03,-4.164639688,-1.713574473,-0.05,-2.027438934,26.14865412,-0.03
69,0.024196397,-0.471780228,-0.164131002,-0.651289773,-0.081122368,-0.539045235,0.337416562,-0.326245892,0,-2.089319199,-0.3,10.19649267,15.51547314,-1.47,1.389939895,10.25550393,-0.05,3.84228054,22.41465317,-0.08,-0.380590374,0.471657044,-0.05,-0.373832211,9.056852284,-0.05,4.657858936,4.300803206,-0.05,4.993548614,42.60513538,-0.05
70,-0.647533545,-0.391535147,-0.181469936,-0.300976387,-0.942601883,-1.473986875,-0.674678178,-0.37970144,0,8.46544494,0.25,3.509131981,6.389140369,-0.99,-2.805688792,-10.295558,0.01,-2.545047545,-3.478563894,0.05,0.01906396,30.47412931,0.01,-1.890415464,16.38613321,0.01,1.707358548,8.223882081,-0.37,4.337110517,40.59966091,0.01
71,-0.755656919,0.074982994,-0.575288605,-0.303784946,-0.485198299,-1.127770358,-0.205800046,-1.194619099,0,8.221364316,0.02,1.467018975,-0.700823821,-0.61,-1.008110848,8.327626557,-0.02,-1.913567766,-1.487467067,0.02,-0.038131554,14.9419109,-0.02,-1.538491884,11.28165691,-0.02,4.953843024,11.40170654,-0.15,-8.26113022,-7.611876973,-0.02
72,-0.307395049,-0.145803429,0.379521005,-0.616120266,-0.531616111,-0.919305663,0.108018472,-0.143717778,0,3.843748198,0.09,-2.955880224,-2.745759746,-0.03,-1.09242396,-14.74130699,0.02,-2.108629474,2.205027181,-0.1,-0.01271375,17.49712669,0.02,-0.388350003,19.1014681,0.02,3.059728771,4.791577005,-0.01,-3.034431838,-13.47595403,0.02
73,-0.201509727,0.348499923,-0.516811621,-0.11228202,0.383541572,1.250273981,0.690085533,-0.745964524,0,3.623823712,0.24,3.440142672,2.400738287,0.42,2.584306684,14.60282582,-0.48,-1.591123464,-5.091501716,-0.37,0.006357077,-11.75917984,0.02,3.442022389,6.723087159,0.02,5.852157162,2.985661945,0.04,2.52655873,42.75337409,0.02
74,-0.247156635,0.261318428,-0.284884087,-0.414074005,0.159576048,1.49760006,-1.066282218,0.437220198,0,4.113081472,0.24,10.10032103,15.1139501,1.03,4.49851564,19.62478445,-0.46,3.545073866,17.92373608,-0.04,0.006356673,-4.082952792,0.04,4.771547304,15.37944121,0.04,5.029279405,27.25068348,0.08,9.928302191,62.84591517,10.04
75,1.034915604,0.632953306,0.519260297,-0.655036188,0.123929149,0.030872473,-0.067703492,-0.365502247,0,0.985285447,1.98,-0.43763746,-4.634710049,1,1.828675973,-3.296244163,-0.01,0.847789278,11.23637322,-0.4,0,-4.220586404,-0.01,-0.359066813,-6.966736036,-0.26,1.78576174,4.912893414,0.01,-1.112667946,6.400243778,-0.01
76,-0.280155539,0.080606763,0.053760945,-0.445699435,0.53883185,0.504042891,0.438341136,0.037975217,0,-0.718154281,-0.61,3.871451218,7.693766157,0.91,6.585169038,15.66230344,-0.73,1.523258699,11.76411902,-0.04,-0.01271375,-16.77405761,0.02,1.073355564,-0.672238224,0.02,6.656449107,13.10029351,0.38,3.526813884,20.42973064,0.02
77,1.26915314,-0.219183742,-0.280462808,-0.787493402,-0.00855491,-0.131977788,0.605744833,-1.575319104,0,3.049591361,2.73,-6.088836968,-4.920042316,0.45,0.52427129,2.980142421,-0.27,-1.753762067,5.905713162,-0.13,-0.006357481,-0.246296785,-0.02,-0.714288751,-4.751870848,-0.02,-3.082915802,-12.94495007,0.17,3.188932749,76.92409647,-0.02
78,-0.238479224,-0.081236845,0.666019251,-0.2142792,-0.098633744,0.141424735,-0.1848328,0.740516051,0,6.460040531,0.64,1.777824602,3.560150014,0.01,3.943914196,4.659227118,0,0.842594031,4.456373438,-0.38,0,3.157832351,0,1.069528912,4.038968896,-0.5,2.251502237,10.53838932,0.22,3.174869831,-7.318323494,0
79,-1.67684162,0.398057235,0.236140101,-0.065544309,1.298478335,1.609901161,-0.057505546,0.223065248,0,-1.241823939,-3.15,11.23842495,12.86732907,0.31,3.62221541,13.31881198,-0.01,5.34648479,18.52010155,-0.02,3.154006507,-9.39895281,0.99,3.826553808,1.64110493,-0.01,3.91136716,9.698407365,0.04,1.923940565,3.752223931,-0.01
80,-0.455228955,-0.063475101,0.991976324,0.018405599,1.06651366,1.419592771,0.939523757,-0.793631015,0,-1.281629182,-1.01,11.51549133,20.64105037,0.95,4.301087419,-1.740757996,-0.01,7.653246587,24.89055895,0,9.669248926,-12.5230953,-0.01,4.341249294,10.03578683,-0.26,4.619557732,-3.666206227,0.01,2.616666053,44.99048612,-0.01
81,0.672798045,-0.391680663,0.45386227,0.446243656,0.524422781,1.00203621,-0.174586124,0.450772016,0,-2.514323776,0.77,7.76106027,18.91552508,0.95,-1.124023493,-4.969498891,0.49,2.513359812,1.290024702,-0.01,9.672764329,4.840298695,-0.01,2.580788396,1.074890755,-0.26,2.937685023,9.187649201,0.03,7.162593677,27.8190536,-0.01
82,-0.464594984,-0.323320497,0.943564848,1.4424624,-0.169881479,0.328301458,0.219887832,1.798744317,0,-3.865204041,-1.45,13.91971302,26.80403292,0.85,9.14898626,25.43609338,-0.01,6.877512516,0.251637005,0.01,0.010153315,5.208948605,-0.01,2.204813722,18.17906143,0.24,7.257069283,14.04231778,0.13,6.33168887,-26.31564205,-0.01
83,0.594147943,-0.330968456,0.135431737,0.466935263,-1.437006585,0.974077529,-0.073625087,0.835506873,0,-10.15021023,-0.62,8.394642115,16.44468532,0.12,3.083524885,12.42203581,-0.03,2.111692344,-0.30957848,0,0,-5.332462718,-2.03,3.369384579,14.59607634,0.22,8.899658465,22.34341004,0.17,4.110404219,-5.04749792,-0.03
84,0.878525209,-0.185714815,-0.560635212,0.193162147,0.712088932,1.162781779,-0.226243315,1.44715584,0,-7.220336951,0.36,1.54642257,3.73536752,-0.2,0.692587824,12.56740932,-0.2,7.585484633,22.99109878,0.24,0.005076271,-2.554336715,0.8,3.840944811,15.73247245,0.3,10.85924443,30.67543109,0.31,6.644026498,-11.93551383,-0.2
85,1.162684519,0.363603924,-0.417791769,0.192281043,0.329098657,-0.558999465,0.977476729,0.529787218,0,-9.351057514,0.51,-10.79213365,-19.96290451,-0.01,-3.612206085,-9.272834645,-0.01,-0.055355662,-1.957779347,0.28,5.716687404,2.143793487,-0.01,-3.840944811,-28.53335105,-0.01,-5.249018262,-20.27205477,0.36,-1.082468386,-25.96082758,-0.01
86,0.447704921,0.061558866,-0.719709404,0.210043624,3.327691227,-0.375776602,-0.209322876,-0.947724404,0,-5.591629696,-0.13,-7.696104114,-12.04560797,-0.03,-2.410151005,-8.39584251,-0.53,3.642696847,10.79754822,0.48,37.39560858,27.88458484,1.97,0.600602406,15.90159638,-0.03,-6.671431738,-11.13241021,0,-6.547792938,-6.026277798,-0.03
87,0.457546685,0.082688851,-0.792496356,0.708629711,-0.611394762,0.320993273,-0.369711198,0.744974709,0,-7.161096531,-0.37,1.223256844,-0.233993535,-0.33,0.619271663,9.137734543,-0.55,5.555542124,10.68430349,0.79,0.664061088,19.81206689,-0.05,1.48591144,7.933971442,-0.05,-1.072588045,2.520348142,-0.04,-2.386417935,-41.90423445,-0.05
88,-0.240518444,-0.458844509,-0.030200288,0.315311077,-0.685616334,-1.125627063,0.259961711,0.593723482,0,0.381981904,-0.36,-4.666476486,-6.150100321,-1.41,-1.595867139,-14.07101275,-0.25,2.936264689,7.876963365,0.72,0.144063937,15.95386188,-0.25,-2.994235662,-6.861353743,-0.25,-4.86104535,-17.5879906,-0.25,-0.245312897,-23.53325014,-0.25
89,1.301287408,-0.938429114,-0.064752754,-0.129477786,-0.247074059,-0.472192597,-0.495503724,-1.074697871,0,0.387198342,2.35,2.204813722,7.460864422,-2,1.349220801,2.566080488,-0.25,-9.29588512,-26.96603912,0.37,0.042524657,1.683890797,-0.25,-0.91603694,-2.46156927,-0.5,-0.075500192,3.801184659,-0.23,-0.704228263,34.28739958,-0.25
90,-0.262721209,-0.688596756,-0.28184492,-0.150344315,-0.641690341,-0.710721207,-1.100561331,-0.949535636,0,-2.369000608,-0.85,-1.569890954,-0.882394422,-1.99,-3.283248799,-15.6351865,-0.2,-4.176431134,-10.70982275,0.16,0.013080873,15.51572639,-0.2,-0.307219904,8.619548236,-0.7,-0.530103475,9.22476747,-0.4,1.5428076,43.69791743,-0.2
91,-0.463413462,-0.346215849,-0.531028406,0.403023646,-1.08928971,0.107937917,-0.675379597,-0.397806134,0,1.06306369,-0.64,2.808296874,1.526905144,-2.01,-1.451390639,4.10533112,-0.05,5.989814158,13.39803504,-0.01,0.045769584,33.71344816,-0.05,0,-5.273701673,-0.3,3.506513666,15.69327847,-0.11,1.450802649,23.33273444,-0.05
92,0.20153701,-0.408713387,-0.703590718,-0.193810928,-1.291058389,0.024506151,0.171988531,-0.455823776,0,-4.661101798,-0.41,-0.308166654,1.85547531,-0.73,-5.096180006,-16.17069208,-0.25,-0.795971303,0.739820736,0.08,-0.045769584,34.90807162,-0.25,-0.308166654,-10.39909195,-0.75,-13.2275374,-33.93819589,-0.24,-2.324475863,1.784859874,-0.25
93,-0.303187655,-0.524704628,0.63044953,0.188412223,-0.300417608,0.793185991,-0.809907366,-0.88603096,0,-1.508274553,-0.78,10.53605157,19.38381817,-0.62,3.073943802,-0.125491529,-0.04,3.198175586,6.856804182,-0.17,-0.013080873,2.254314282,-0.29,0.615386557,-15.6877251,-0.29,5.534365798,15.93031533,-0.54,5.430735057,65.23808061,-0.29
94,0.281942286,-0.649377682,0.880641625,-0.07108596,0.538762483,0.463872723,-0.33854482,1.71338724,0,-6.3158996,-0.54,9.53101798,20.77544644,-0.18,6.622769798,15.46012637,0.07,-2.032908164,-5.323072079,0.06,0.091530195,-21.59406099,-0.18,0.91603694,-3.097749523,-0.18,10.93903895,25.47423075,-0.19,5.497666203,-28.65735407,-0.18
95,0.960288161,0.43831813,-1.160675897,0.369677104,-0.234308092,0.048559229,-0.498322525,0.393793124,0,0.748179944,1.81,-3.861483613,-11.6377054,-0.3,2.392701,21.48313827,-0.8,4.328341771,7.844353309,-0.15,0.215418844,0.401808027,-0.3,2.10534092,19.56550228,-0.3,1.12915808,6.819833464,-0.2,2.394020755,-0.055804371,-0.3
96,1.061040592,-0.42873037,-0.633965308,-0.657721272,-0.833713238,-1.051507285,0.731389472,-0.637313616,0,-8.87159784,0.41,-1.055418768,2.782956967,-0.18,-1.797380611,-10.99281416,-0.68,-3.176496575,0.291226571,0.12,0.045635309,9.597790342,-0.68,-1.197619105,11.77511869,-0.18,-1.698554637,-14.76542373,-0.04,0.886991593,28.33288427,-0.18
97,-0.124654256,-0.34845316,-0.09953348,-0.305534576,0.006398864,-0.758399013,0.156454375,0.840079128,0,1.824076357,0.08,3.901665234,9.690843352,0,2.470833231,9.437048711,-0.25,-0.417319333,3.158764638,-0.05,0.032583904,-0.131148833,0,0,19.16960504,0,2.676216055,3.695216662,0.02,5.940585262,6.138450387,0
98,0.130201587,0.458094736,0.013768478,0.413460494,0.700521893,-0.072568059,-1.786644013,1.328783753,0,-6.641468567,-0.86,1.26744409,-4.013623714,-0.19,3.189034739,3.214367645,-0.54,1.556047994,-1.089938187,0.05,-0.006515931,-17.1315071,0.21,0.600602406,8.15272541,-0.04,1.995250229,30.40773425,0.02,2.745325943,-30.99165798,0.21
99,3.24625945,0.665404884,0.374270367,-0.052517871,0.790848516,0.335054082,0.486859582,0.087331065,0,-10.3337573,4.01,3.708706866,-3.798029459,-0.49,6.646472634,27.61226195,0.05,-0.774997421,-1.473526287,0.06,0.009773738,-11.38782892,0.55,0.597016699,0.694559743,0.3,0.272109011,0.660461494,0.51,4.610116746,26.24472365,0.55
100,1.652736276,0.217719997,1.834678698,-0.284463963,0.862972543,0.107047074,1.097544425,-0.509401576,0,-4.477724805,2.17,7.929560267,7.788553352,-0.4,6.310533064,-2.043778915,0.38,2.913571795,13.39911251,-0.14,2.111381155,-13.24175312,0.38,1.183445765,5.152547215,-0.62,4.125668264,-5.745219177,0.1,5.371637608,52.34499831,0.38
101,-0.179438315,-1.920355559,1.913912099,0.619364374,0.461051735,-0.487079163,-0.753342309,0.078601795,0,-0.211694766,-0.35,18.93966189,49.98868799,0.1,2.405844547,-4.375911818,1.2,16.28211508,43.5911017,-0.08,14.10467008,22.20656453,0.2,0.878482956,21.20138234,-0.1,15.7126319,32.66380217,-0.83,8.589487049,52.26094756,1.2
102,-1.159565114,-0.760169561,-1.087793094,-0.852492677,-0.617678023,0.881296658,-1.085234643,-1.805015557,0,-0.747238018,-2.16,-0.185701075,4.823227252,-1.11,-5.35679762,-2.548950351,-0.03,-5.454298131,-9.544506337,-1.12,5.058251553,5.169853034,-1.03,3.438734231,15.58882294,-0.03,-5.968495202,-5.904039908,-0.64,-0.908356077,33.90272491,-15.03
103,2.955293415,0.036373499,-0.523488696,-0.627846528,-0.029874829,0.125264718,-0.142447435,0.460248335,0,-7.825084363,3.91,0.37105794,-0.199973618,-0.1,-2.160761804,1.370597228,0,-7.022069807,-15.33514038,-0.46,0.333890127,1.71183445,0,1.398624197,12.33791845,0,-7.807342779,-15.91308964,-0.1,-0.328099662,-18.75774005,0
